epoch,loss,lr,val_loss
0,4.038743645651266e-05,1e-04,6.0062098782509565e-05
1,4.224491203785874e-05,1e-04,6.610678974539042e-05
2,3.749318057089113e-05,1e-04,4.9921447498491034e-05
3,4.6633002057205886e-05,1e-04,4.8080884880619124e-05
4,3.542039485182613e-05,1e-04,6.011578443576582e-05
5,4.03775557060726e-05,1e-04,5.741441418649629e-05
6,3.889900472131558e-05,1e-04,4.3729451135732234e-05
7,3.46107262885198e-05,1e-04,4.751490996568464e-05
8,3.607833423302509e-05,1e-04,4.964898471371271e-05
9,3.323458804516122e-05,1e-04,4.155923306825571e-05
10,3.9270162233151495e-05,1e-04,6.786919402657077e-05
11,3.8150556065374985e-05,1e-04,4.7529985749861225e-05
12,3.191770883859135e-05,1e-04,4.165351128904149e-05
13,2.8508728064480238e-05,1e-04,5.038118251832202e-05
14,3.174452285747975e-05,1e-04,3.8620393752353266e-05
15,2.9871669539716095e-05,1e-04,4.586378418025561e-05
16,3.10232826450374e-05,1e-04,4.047952461405657e-05
17,2.498184039723128e-05,1e-04,4.564528353512287e-05
18,2.9882925446145236e-05,1e-04,4.258418994140811e-05
19,2.5235325665562414e-05,1e-04,4.047174661536701e-05
20,2.3851232981542125e-05,5e-05,3.846527761197649e-05
21,2.025666799454484e-05,5e-05,3.4260003303643316e-05
22,2.4116299755405635e-05,5e-05,4.5304506784304976e-05
23,1.9689601685968228e-05,5e-05,3.606265818234533e-05
24,2.233746818092186e-05,5e-05,3.607771941460669e-05
25,1.9124792743241414e-05,5e-05,3.2520300010219216e-05
26,2.1301380911609158e-05,5e-05,4.16913244407624e-05
27,1.8179393009631895e-05,5e-05,3.615371315390803e-05
28,2.0999284970457666e-05,5e-05,4.579946107696742e-05
29,1.936585977091454e-05,5e-05,4.390774483908899e-05
30,2.113442860718351e-05,5e-05,4.4199750846019015e-05
31,1.7825645045377314e-05,2.5e-05,3.46887536579743e-05
32,1.8596609152154997e-05,2.5e-05,4.1569030145183206e-05
33,1.7596652469364926e-05,2.5e-05,4.2610841774148867e-05
34,1.7563712390256114e-05,2.5e-05,4.460594936972484e-05
35,1.8311549865757115e-05,2.5e-05,3.8894828321645036e-05
