"","X","BirdID","Behaviour","Latencies","Condition","TestNumber","Occurences","Playbacks","time","Capped_lat"
"1",1,"bl141or71","Beak Swipe",90,"N",1,NA,90,10,60
"2",2,"bl141or71","Long Hop",9,"N",1,NA,90,10,9
"3",3,"bl141or71","Short Hop",19,"N",1,NA,90,10,19
"4",4,"bl141or71","Long Call",76,"N",1,NA,90,10,60
"5",5,"bl141or71","Short Call",7,"N",1,NA,90,10,7
"6",6,"bl141or71","Singing",8,"N",1,NA,90,10,8
"7",17,"bl155wh155","Beak Swipe",65,"F",1,NA,90,10,60
"8",18,"bl155wh155","Long Hop",7,"F",1,NA,90,10,7
"9",19,"bl155wh155","Short Hop",5,"F",1,NA,90,10,5
"10",20,"bl155wh155","Long Call",90,"F",1,NA,90,10,60
"11",21,"bl155wh155","Short Call",10,"F",1,NA,90,10,10
"12",22,"bl155wh155","Singing",90,"F",1,NA,90,10,60
"13",33,"bl161gr61","Beak Swipe",90,"N",1,NA,90,10,60
"14",34,"bl161gr61","Long Hop",90,"N",1,NA,90,10,60
"15",35,"bl161gr61","Short Hop",90,"N",1,NA,90,10,60
"16",36,"bl161gr61","Long Call",90,"N",1,NA,90,10,60
"17",37,"bl161gr61","Short Call",90,"N",1,NA,90,10,60
"18",38,"bl161gr61","Singing",90,"N",1,NA,90,10,60
"19",49,"bl163or93","Beak Swipe",90,"F",1,NA,90,10,60
"20",50,"bl163or93","Long Hop",34,"F",1,NA,90,10,34
"21",51,"bl163or93","Short Hop",29,"F",1,NA,90,10,29
"22",52,"bl163or93","Long Call",24,"F",1,NA,90,10,24
"23",53,"bl163or93","Short Call",6,"F",1,NA,90,10,6
"24",54,"bl163or93","Singing",90,"F",1,NA,90,10,60
"25",65,"bl173or73","Beak Swipe",36,"F",1,NA,90,10,36
"26",66,"bl173or73","Long Hop",1,"F",1,NA,90,10,1
"27",67,"bl173or73","Short Hop",2,"F",1,NA,90,10,2
"28",68,"bl173or73","Long Call",8,"F",1,NA,90,10,8
"29",69,"bl173or73","Short Call",1,"F",1,NA,90,10,1
"30",70,"bl173or73","Singing",8,"F",1,NA,90,10,8
"31",81,"bl186gr54","Beak Swipe",58,"N",1,NA,90,10,58
"32",82,"bl186gr54","Long Hop",42,"N",1,NA,90,10,42
"33",83,"bl186gr54","Short Hop",43,"N",1,NA,90,10,43
"34",84,"bl186gr54","Long Call",32,"N",1,NA,90,10,32
"35",85,"bl186gr54","Short Call",31,"N",1,NA,90,10,31
"36",86,"bl186gr54","Singing",90,"N",1,NA,90,10,60
"37",97,"bl40pi140","Beak Swipe",90,"N",1,NA,90,10,60
"38",98,"bl40pi140","Long Hop",48,"N",1,NA,90,10,48
"39",99,"bl40pi140","Short Hop",48,"N",1,NA,90,10,48
"40",100,"bl40pi140","Long Call",76,"N",1,NA,90,10,60
"41",101,"bl40pi140","Short Call",51,"N",1,NA,90,10,51
"42",102,"bl40pi140","Singing",57,"N",1,NA,90,10,57
"43",113,"bl70bl30","Beak Swipe",17,"F",1,NA,90,10,17
"44",114,"bl70bl30","Long Hop",11,"F",1,NA,90,10,11
"45",115,"bl70bl30","Short Hop",10,"F",1,NA,90,10,10
"46",116,"bl70bl30","Long Call",24,"F",1,NA,90,10,24
"47",117,"bl70bl30","Short Call",21,"F",1,NA,90,10,21
"48",118,"bl70bl30","Singing",20,"F",1,NA,90,10,20
"49",129,"bl8bl38","Beak Swipe",90,"N",1,NA,90,10,60
"50",130,"bl8bl38","Long Hop",90,"N",1,NA,90,10,60
"51",131,"bl8bl38","Short Hop",90,"N",1,NA,90,10,60
"52",132,"bl8bl38","Long Call",90,"N",1,NA,90,10,60
"53",133,"bl8bl38","Short Call",90,"N",1,NA,90,10,60
"54",134,"bl8bl38","Singing",86,"N",1,NA,90,10,60
"55",187,"bl11gr21","Beak Swipe",60,"F",1,0,60,10,60
"56",188,"bl11gr21","Long Hop",40,"F",1,21,60,10,40
"57",189,"bl11gr21","Short Hop",33,"F",1,23,60,10,33
"58",190,"bl11gr21","Long Call",60,"F",1,0,60,10,60
"59",191,"bl11gr21","Short Call",30,"F",1,26,60,10,30
"60",192,"bl11gr21","Singing",60,"F",1,0,60,10,60
"61",199,"bl130wh100","Beak Swipe",8,"F",1,2,60,10,8
"62",200,"bl130wh100","Long Hop",2,"F",1,4,60,10,2
"63",201,"bl130wh100","Short Hop",3,"F",1,26,60,10,3
"64",202,"bl130wh100","Long Call",1,"F",1,32,60,10,1
"65",203,"bl130wh100","Short Call",30,"F",1,5,60,10,30
"66",204,"bl130wh100","Singing",1,"F",1,20,60,10,1
"67",211,"bl23gr3","Beak Swipe",60,"N",1,0,60,10,60
"68",212,"bl23gr3","Long Hop",60,"N",1,0,60,10,60
"69",213,"bl23gr3","Short Hop",17,"N",1,7,60,10,17
"70",214,"bl23gr3","Long Call",60,"N",1,0,60,10,60
"71",215,"bl23gr3","Short Call",9,"N",1,3,60,10,9
"72",216,"bl23gr3","Singing",10,"N",1,6,60,10,10
"73",223,"bl23gr28","Beak Swipe",60,"N",1,0,60,10,60
"74",224,"bl23gr28","Long Hop",12,"N",1,3,60,10,12
"75",225,"bl23gr28","Short Hop",12,"N",1,17,60,10,12
"76",226,"bl23gr28","Long Call",60,"N",1,0,60,10,60
"77",227,"bl23gr28","Short Call",11,"N",1,2,60,10,11
"78",228,"bl23gr28","Singing",13,"N",1,22,60,10,13
"79",235,"bl3or31","Beak Swipe",60,"F",1,0,60,10,60
"80",236,"bl3or31","Long Hop",60,"F",1,0,60,10,60
"81",237,"bl3or31","Short Hop",43,"F",1,5,60,10,43
"82",238,"bl3or31","Long Call",60,"F",1,0,60,10,60
"83",239,"bl3or31","Short Call",60,"F",1,0,60,10,60
"84",240,"bl3or31","Singing",60,"F",1,0,60,10,60
"85",247,"bl60or40","Beak Swipe",60,"F",1,0,60,10,60
"86",248,"bl60or40","Long Hop",60,"F",1,0,60,10,60
"87",249,"bl60or40","Short Hop",60,"F",1,0,60,10,60
"88",250,"bl60or40","Long Call",60,"F",1,0,60,10,60
"89",251,"bl60or40","Short Call",60,"F",1,0,60,10,60
"90",252,"bl60or40","Singing",60,"F",1,0,60,10,60
"91",259,"bl4or38","Beak Swipe",60,"N",1,0,60,10,60
"92",260,"bl4or38","Long Hop",52,"N",1,2,60,10,52
"93",261,"bl4or38","Short Hop",53,"N",1,6,60,10,53
"94",262,"bl4or38","Long Call",58,"N",1,2,60,10,58
"95",263,"bl4or38","Short Call",24,"N",1,31,60,10,24
"96",264,"bl4or38","Singing",60,"N",1,0,60,10,60
"97",271,"bl21pi81","Beak Swipe",60,"N",1,0,60,10,60
"98",272,"bl21pi81","Long Hop",52,"N",1,4,60,10,52
"99",273,"bl21pi81","Short Hop",46,"N",1,11,60,10,46
"100",274,"bl21pi81","Long Call",60,"N",1,0,60,10,60
"101",275,"bl21pi81","Short Call",47,"N",1,4,60,10,47
"102",276,"bl21pi81","Singing",48,"N",1,7,60,10,48
"103",283,"bl177bl7","Beak Swipe",38,"F",1,3,60,10,38
"104",284,"bl177bl7","Long Hop",33,"F",1,8,60,10,33
"105",285,"bl177bl7","Short Hop",33,"F",1,14,60,10,33
"106",286,"bl177bl7","Long Call",60,"F",1,0,60,10,60
"107",287,"bl177bl7","Short Call",23,"F",1,17,60,10,23
"108",288,"bl177bl7","Singing",60,"F",1,0,60,10,60
"109",295,"bl177bl7","Short Call",18,"N",1,42,60,10,18
"110",296,"bl177bl7","Singing",60,"N",1,0,60,10,60
"111",299,"bl59gr39","Beak Swipe",13,"F",1,3,60,10,13
"112",300,"bl59gr39","Long Hop",1,"F",1,40,60,10,1
"113",307,"bl59gr39","Beak Swipe",60,"N",1,0,60,10,60
"114",308,"bl59gr39","Long Hop",60,"N",1,0,60,10,60
"115",309,"bl59gr39","Short Hop",44,"N",1,1,60,10,44
"116",310,"bl59gr39","Long Call",60,"N",1,0,60,10,60
"117",311,"bl59gr39","Short Call",60,"N",1,1,60,10,60
"118",312,"bl59gr39","Singing",60,"N",1,0,60,10,60
"119",319,"bl58gr38","Short Call",45,"N",1,11,60,10,45
"120",320,"bl58gr38","Singing",59,"N",1,2,60,10,59
"121",323,"bl58gr38","Beak Swipe",10,"F",1,5,60,10,10
"122",324,"bl58gr38","Long Hop",8,"F",1,9,60,10,8
